{	
    "replace": true,
    "slots": [
        "shield/grip"
    ],
    "materialSlotCount": 1,
    "displayType": "major",
    "glyph": {
        "textureX": 16,
        "textureY": 48
    },
    "outcomes": [
        {
            "material": {
                "item": "minecraft:stick"
            },
            "moduleKey": "shield/basic_grip",
            "moduleVariant": "basic_grip/stick"
        },
        {
            "material": {
                "item": "minecraft:oak_planks"
            },
            "requiredCapabilities": {
                "axe": 1
            },
            "moduleKey": "shield/basic_grip",
            "moduleVariant": "basic_grip/oak"
        },
        {
            "material": {
                "item": "minecraft:spruce_planks"
            },
            "requiredCapabilities": {
                "axe": 1
            },
            "moduleKey": "shield/basic_grip",
            "moduleVariant": "basic_grip/spruce"
        },
        {
            "material": {
                "item": "minecraft:birch_planks"
            },
            "requiredCapabilities": {
                "axe": 1
            },
            "moduleKey": "shield/basic_grip",
            "moduleVariant": "basic_grip/birch"
        },
        {
            "material": {
                "item": "minecraft:jungle_planks"
            },
            "requiredCapabilities": {
                "axe": 1
            },
            "moduleKey": "shield/basic_grip",
            "moduleVariant": "basic_grip/jungle"
        },
        {
            "material": {
                "item": "minecraft:acacia_planks"
            },
            "requiredCapabilities": {
                "axe": 1
            },
            "moduleKey": "shield/basic_grip",
            "moduleVariant": "basic_grip/acacia"
        },
        {
            "material": {
                "item": "minecraft:dark_oak_planks"
            },
            "requiredCapabilities": {
                "axe": 1
            },
            "moduleKey": "shield/basic_grip",
            "moduleVariant": "basic_grip/dark_oak"
        },
        {
            "material": {
                "item": "minecraft:iron_ingot"
            },
            "requiredCapabilities": {
                "hammer": 1
            },
            "moduleKey": "shield/basic_grip",
            "moduleVariant": "basic_grip/iron"
        },
        {
            "material": {
                "item": "minecraft:bone"
            },
            "moduleKey": "shield/basic_grip",
            "moduleVariant": "basic_grip/bone"
        },
        {
            "material": {
                "item": "minecraft:blaze_rod"
            },
            "requiredCapabilities": {
                "hammer": 4
            },
            "moduleKey": "shield/basic_grip",
            "moduleVariant": "basic_grip/blaze_rod",
			"improvements": {
                "basic_handle/blazing": 0
			}
        },
        {
            "material": {
                "item": "minecraft:end_rod"
            },
            "requiredCapabilities": {
                "hammer": 4
            },
            "moduleKey": "shield/basic_grip",
            "moduleVariant": "basic_grip/end_rod",
            "improvements": {
                "basic_handle/ender_reverb": 0
            }
        },
        {
            "material": {
                "item": "tetra:forged_beam"
            },
            "requiredCapabilities": {
                "hammer": 4
            },
            "moduleKey": "shield/basic_grip",
            "moduleVariant": "basic_grip/forged_beam"
        },
        {
            "material": {
                "tag": "forge:ingots/copper"
            },
            "requiredCapabilities": {
                "hammer": 2
            },
            "moduleKey": "shield/basic_grip",
            "moduleVariant": "basic_grip/copper"
        },
        {
            "material": {
                "tag": "forge:ingots/tin"
            },
            "requiredCapabilities": {
                "hammer": 1
            },
            "moduleKey": "shield/basic_grip",
            "moduleVariant": "basic_grip/tin"
        },
        {
            "material": {
                "tag": "forge:ingots/silver"
            },
            "requiredCapabilities": {
                "hammer": 2
            },
            "moduleKey": "shield/basic_grip",
            "moduleVariant": "basic_grip/silver"
        },
        {
            "material": {
                "tag": "forge:ingots/nickel"
            },
            "requiredCapabilities": {
                "hammer": 3
            },
            "moduleKey": "shield/basic_grip",
            "moduleVariant": "basic_grip/nickel"
        },
        {
            "material": {
                "tag": "forge:ingots/lead"
            },
            "requiredCapabilities": {
                "hammer": 2
            },
            "moduleKey": "shield/basic_grip",
            "moduleVariant": "basic_grip/lead"
        },
        {
            "material": {
                "tag": "forge:ingots/bronze"
            },
            "requiredCapabilities": {
                "hammer": 3
            },
            "moduleKey": "shield/basic_grip",
            "moduleVariant": "basic_grip/bronze"
        },
        {
            "material": {
                "tag": "forge:ingots/electrum"
            },
            "requiredCapabilities": {
                "hammer": 2
            },
            "moduleKey": "shield/basic_grip",
            "moduleVariant": "basic_grip/electrum"
        },
        {
            "material": {
                "tag": "forge:ingots/steel"
            },
            "requiredCapabilities": {
                "hammer": 3
            },
            "moduleKey": "shield/basic_grip",
            "moduleVariant": "basic_grip/steel"
        },
        {
            "material": {
                "tag": "forge:planks/maple"
            },
            "requiredCapabilities": {
                "axe": 2
            },
            "moduleKey": "shield/basic_grip",
            "moduleVariant": "basic_grip/maple"
        },
        {
            "material": {
                "tag": "forge:planks/cherry"
            },
            "requiredCapabilities": {
                "axe": 3
            },
            "moduleKey": "shield/basic_grip",
            "moduleVariant": "basic_grip/cherry"
        },
        {
            "material": {
                "tag": "forge:planks/baobab"
            },
            "requiredCapabilities": {
                "axe": 3
            },
            "moduleKey": "shield/basic_grip",
            "moduleVariant": "basic_grip/baobab"
        }
    ]
}