{
    "replace": true,
    "slots": [
        "double/handle"
    ],
    "materialSlotCount": 1,
    "displayType": "major",
    "glyph": {
        "textureX": 16
    },
    "outcomes": [
        {
            "material": {
                "item": "minecraft:stick"
            },
            "moduleKey": "double/basic_handle",
            "moduleVariant": "basic_handle/stick"
        },
        {
            "material": {
                "item": "minecraft:bone"
            },
            "moduleKey": "double/basic_handle",
            "moduleVariant": "basic_handle/bone"
        },
        {
            "material": {
                "item": "minecraft:iron_ingot"
            },
            "requiredCapabilities": {
                "hammer": 2
            },
            "moduleKey": "double/basic_handle",
            "moduleVariant": "basic_handle/iron"
        },
        {
            "material": {
                "item": "minecraft:blaze_rod"
            },
            "requiredCapabilities": {
                "hammer": 4
            },
            "moduleKey": "double/basic_handle",
            "moduleVariant": "basic_handle/blaze_rod",
            "improvements": {
                "basic_handle/blazing": 0
            }
        },
        {
            "material": {
                "item": "minecraft:end_rod"
            },
            "requiredCapabilities": {
                "hammer": 4
            },
            "moduleKey": "double/basic_handle",
            "moduleVariant": "basic_handle/end_rod",
            "improvements": {
                "basic_handle/ender_reverb": 0
            }
        },
        {
            "material": {
                "tag": "forge:ingots/bronze"
            },
            "requiredCapabilities": {
                "hammer": 1
            },
            "moduleKey": "double/basic_handle",
            "moduleVariant": "basic_handle/bronze"
        },
        {
            "material": {
                "tag": "forge:ingots/steel"
            },
            "requiredCapabilities": {
                "hammer": 3
            },
            "moduleKey": "double/basic_handle",
            "moduleVariant": "basic_handle/steel"
        },
        {
            "material": {
                "item": "minecraft:oak_planks"
            },
            "requiredCapabilities": {
                "axe": 1
            },
            "moduleKey": "double/basic_handle",
            "moduleVariant": "basic_handle/oak"
        },
        {
            "material": {
                "item": "minecraft:spruce_planks"
            },
            "requiredCapabilities": {
                "axe": 1
            },
            "moduleKey": "double/basic_handle",
            "moduleVariant": "basic_handle/spruce"
        },
        {
            "material": {
                "item": "minecraft:birch_planks"
            },
            "requiredCapabilities": {
                "axe": 1
            },
            "moduleKey": "double/basic_handle",
            "moduleVariant": "basic_handle/birch"
        },
        {
            "material": {
                "item": "minecraft:jungle_planks"
            },
            "requiredCapabilities": {
                "axe": 1
            },
            "moduleKey": "double/basic_handle",
            "moduleVariant": "basic_handle/jungle"
        },
        {
            "material": {
                "item": "minecraft:acacia_planks"
            },
            "requiredCapabilities": {
                "axe": 1
            },
            "moduleKey": "double/basic_handle",
            "moduleVariant": "basic_handle/acacia"
        },
        {
            "material": {
                "item": "minecraft:dark_oak_planks"
            },
            "requiredCapabilities": {
                "axe": 1
            },
            "moduleKey": "double/basic_handle",
            "moduleVariant": "basic_handle/dark_oak"
        },
        {
            "material": {
                "tag": "forge:planks/maple"
            },
            "requiredCapabilities": {
                "axe": 2
            },
            "moduleKey": "double/basic_handle",
            "moduleVariant": "basic_handle/maple"
        },
        {
            "material": {
                "tag": "forge:planks/cherry"
            },
            "requiredCapabilities": {
                "axe": 3
            },
            "moduleKey": "double/basic_handle",
            "moduleVariant": "basic_handle/cherry"
        },
        {
            "material": {
                "tag": "forge:planks/baobab"
            },
            "requiredCapabilities": {
                "axe": 3
            },
            "moduleKey": "double/basic_handle",
            "moduleVariant": "basic_handle/baobab"
        },
        {
            "material": {
                "tag": "forge:planks/greatwood"
            },
            "requiredCapabilities": {
                "axe": 3
            },
            "moduleKey": "double/basic_handle",
            "moduleVariant": "basic_handle/greatwood"
        },
        {
            "material": {
                "tag": "forge:planks/treated_wood"
            },
            "requiredCapabilities": {
                "axe": 3
            },
            "moduleKey": "double/basic_handle",
            "moduleVariant": "basic_handle/treated_wood"
        },
        {
            "material": {
                "tag": "forge:rods/treated_wood"
            },
            "requiredCapabilities": {
                "axe": 3
            },
            "moduleKey": "double/basic_handle",
            "moduleVariant": "basic_handle/treated_wood"
        },
        {
            "material": {
                "tag": "forge:planks/ironwood"
            },
            "requiredCapabilities": {
                "axe": 2
            },
            "moduleKey": "double/basic_handle",
            "moduleVariant": "basic_handle/ironwood"
        },
        {
            "material": {
                "item": "tetra:forged_beam"
            },
            "requiredCapabilities": {
                "hammer": 4
            },
            "moduleKey": "double/basic_handle",
            "moduleVariant": "basic_handle/forged_beam"
        },
        {
            "material": {
                "item": "minecraft:gold_ingot"
            },
            "requiredCapabilities": {
                "hammer": 2
            },
            "moduleKey": "double/basic_handle",
            "moduleVariant": "basic_gold_handle"
        },
        {
            "material": {
                "tag": "forge:ingots/brass"
            },
            "requiredCapabilities": {
                "hammer": 3
            },
            "moduleKey": "double/basic_handle",
            "moduleVariant": "basic_brass_handle"
        },
        {
            "material": {
                "tag": "forge:ingots/copper"
            },
            "requiredCapabilities": {
                "hammer": 3
            },
            "moduleKey": "double/basic_handle",
            "moduleVariant": "basic_copper_handle"
        },
        {
            "material": {
                "tag": "forge:ingots/tin"
            },
            "requiredCapabilities": {
                "hammer": 2
            },
            "moduleKey": "double/basic_handle",
            "moduleVariant": "basic_tin_handle"
        },
        {
            "material": {
                "tag": "forge:ingots/silver"
            },
            "requiredCapabilities": {
                "hammer": 3
            },
            "moduleKey": "double/basic_handle",
            "moduleVariant": "basic_silver_handle"
        },
        {
            "material": {
                "tag": "forge:ingots/nickel"
            },
            "requiredCapabilities": {
                "hammer": 3
            },
            "moduleKey": "double/basic_handle",
            "moduleVariant": "basic_nickel_handle"
        },
        {
            "material": {
                "tag": "forge:ingots/lead"
            },
            "requiredCapabilities": {
                "hammer": 2
            },
            "moduleKey": "double/basic_handle",
            "moduleVariant": "basic_lead_handle"
        },
        {
            "material": {
                "tag": "forge:ingots/electrum"
            },
            "requiredCapabilities": {
                "hammer": 3
            },
            "moduleKey": "double/basic_handle",
            "moduleVariant": "basic_electrum_handle"
        }
    ]
}