{
    "replace": true,
    "slots": ["sword/blade"],
    "type": "tetra:basic_major_module",
    "improvements": [
        "tetra:sword/blade/basic_blade",
        "tetra:sword/blade/serrated",
        "tetra:sword/blade/hooked",
        "tetra:sword/blade/tempered",
        "tetra:sword/blade/shared",
        "tetra:sword/blade/shared_compat",
        "tetra:sword/blade/shared_hone",
        "tetra:settling_improvements",
        "tetra:destabilization_improvements"
    ],
	"variants": [
		{
            "key": "oak_rhomphaia",
            "durability": 88,
            "integrity": -2,
            "magicCapacity": 90,
			"range": 1,
            "damage": 3,
            "attackSpeed": -0.3,
            "effects": {
                "sweeping": 2
            },
            "capabilities": {
                "cut": [1, 0.9375]
            },
            "glyph": { 
				"textureLocation": "tetra:textures/gui/rhomphaia_glyph.png",
				"tint": "oak_glyph" 
			},
            "models": [{
                "location": "tetra:items/module/sword/blade/rhomphaia/v1/crude",
                "tint": "oak"
            }]
        },
		{
            "key": "spruce_rhomphaia",
            "durability": 88,
            "integrity": -2,
            "magicCapacity": 90,
			"range": 1,
            "damage": 3,
            "attackSpeed": -0.2,
            "effects": {
                "sweeping": 2
            },
            "capabilities": {
                "cut": [1, 0.9375]
            },
            "glyph": { 
				"textureLocation": "tetra:textures/gui/rhomphaia_glyph.png",
				"tint": "spruce_glyph" 
			},
            "models": [{
                "location": "tetra:items/module/sword/blade/rhomphaia/v1/crude",
                "tint": "spruce"
            }]
        },
		{
            "key": "birch_rhomphaia",
            "durability": 126,
            "integrity": -2,
            "magicCapacity": 90,
			"range": 1,
            "damage": 3,
            "attackSpeed": -0.3,
            "effects": {
                "sweeping": 2
            },
            "capabilities": {
                "cut": [1, 0.9375]
            },
            "glyph": { 
				"textureLocation": "tetra:textures/gui/rhomphaia_glyph.png",
				"tint": "birch_glyph" 
			},
            "models": [{
                "location": "tetra:items/module/sword/blade/rhomphaia/v1/crude",
                "tint": "birch"
            }]
        },
		{
            "key": "jungle_rhomphaia",
            "durability": 88,
            "integrity": -2,
            "magicCapacity": 102,
			"range": 1,
            "damage": 3,
            "attackSpeed": -0.3,
            "effects": {
                "sweeping": 2
            },
            "capabilities": {
                "cut": [1, 0.9375]
            },
            "glyph": { 
				"textureLocation": "tetra:textures/gui/rhomphaia_glyph.png",
				"tint": "jungle_glyph" 
			},
            "models": [{
                "location": "tetra:items/module/sword/blade/rhomphaia/v1/crude",
                "tint": "jungle"
            }]
        },
		{
            "key": "acacia_rhomphaia",
            "durability": 126,
            "integrity": -2,
            "magicCapacity": 90,
			"range": 1,
            "damage": 4,
            "attackSpeed": -0.3,
            "effects": {
                "sweeping": 2
            },
            "capabilities": {
                "cut": [1, 0.9375]
            },
            "glyph": { 
				"textureLocation": "tetra:textures/gui/rhomphaia_glyph.png",
				"tint": "acacia_glyph"
			},
            "models": [{
                "location": "tetra:items/module/sword/blade/rhomphaia/v1/crude",
                "tint": "acacia"
            }]
        },
		{
            "key": "dark_oak_rhomphaia",
            "durability": 88,
            "integrity": -2,
            "magicCapacity": 102,
			"range": 1,
            "damage": 3,
            "attackSpeed": -0.3,
            "effects": {
                "sweeping": 2
            },
            "capabilities": {
                "cut": [1, 0.9375]
            },
            "glyph": { 
				"textureLocation": "tetra:textures/gui/rhomphaia_glyph.png",
				"tint": "dark_oak_glyph"
			},
            "models": [{
                "location": "tetra:items/module/sword/blade/rhomphaia/v1/crude",
                "tint": "dark_oak"
            }]
        },
		{
            "key": "cobblestone_rhomphaia",
            "durability": 179,
            "integrity": -2,
            "magicCapacity": 30,
			"range": 1,
            "damage": 4,
            "attackSpeed": -0.3,
            "effects": {
                "sweeping": 2
            },
            "capabilities": {
                "cut": [1, 0.9375]
            },
            "glyph": { 
				"textureLocation": "tetra:textures/gui/rhomphaia_glyph.png",
				"tint": "cobblestone_glyph"
			},
            "models": [{
                "location": "tetra:items/module/sword/blade/rhomphaia/v1/crude",
                "tint": "cobblestone"
            }]
        },
		{
            "key": "stone_rhomphaia",
            "durability": 315,
            "integrity": -2,
            "magicCapacity": 30,
			"range": 1,
            "damage": 4,
            "attackSpeed": -0.3,
            "effects": {
                "sweeping": 2
            },
            "capabilities": {
                "cut": [1, 0.9375]
            },
            "glyph": { 
				"textureLocation": "tetra:textures/gui/rhomphaia_glyph.png",
				"tint": "stone_glyph"
			},
            "models": [{
                "location": "tetra:items/module/sword/blade/rhomphaia/v1/metal",
                "tint": "stone"
            }]
        },
		{
            "key": "granite_rhomphaia",
            "durability": 420,
            "integrity": -2,
            "magicCapacity": 30,
			"range": 1,
            "damage": 4,
            "attackSpeed": -0.3,
            "effects": {
                "sweeping": 2
            },
            "capabilities": {
                "cut": [1, 0.9375]
            },
            "glyph": { 
				"textureLocation": "tetra:textures/gui/rhomphaia_glyph.png", 
				"tint": "granite_glyph"
			},
            "models": [{
                "location": "tetra:items/module/sword/blade/rhomphaia/v1/grainy",
                "tint": "granite"
            }]
        },
		{
            "key": "diorite_rhomphaia",
            "durability": 315,
            "integrity": -2,
            "magicCapacity": 42,
			"range": 1,
            "damage": 4,
            "attackSpeed": -0.3,
            "effects": {
                "sweeping": 2
            },
            "capabilities": {
                "cut": [1, 0.9375]
            },
            "glyph": {  
				"textureLocation": "tetra:textures/gui/rhomphaia_glyph.png",
				"tint": "diorite_glyph" 
			},
            "models": [{
                "location": "tetra:items/module/sword/blade/rhomphaia/v1/grainy",
                "tint": "diorite"
            }]
        },
		{
            "key": "andesite_rhomphaia",
            "durability": 350,
            "integrity": -2,
            "magicCapacity": 30,
			"range": 1,
            "damage": 5,
            "attackSpeed": -0.3,
            "effects": {
                "sweeping": 2
            },
            "capabilities": {
                "cut": [1, 0.9375]
            },
            "glyph": {  
				"textureLocation": "tetra:textures/gui/rhomphaia_glyph.png",
				"tint": "andesite_glyph" 
			},
            "models": [{
                "location": "tetra:items/module/sword/blade/rhomphaia/v1/grainy",
                "tint": "andesite"
            }]
        },
		{
            "key": "flint_rhomphaia",
            "durability": 179,
            "integrity": -2,
            "magicCapacity": 90,
			"range": 1,
            "damage": 5,
            "attackSpeed": -0.3,
            "effects": {
                "sweeping": 2
            },
            "capabilities": {
                "cut": [1, 0.9375]
            },
            "glyph": { 
				"textureLocation": "tetra:textures/gui/rhomphaia_glyph.png",
				"tint": "flint_glyph"
			},
            "models": [{
                "location": "tetra:items/module/sword/blade/rhomphaia/v1/grainy",
                "tint": "flint"
            }]
        },
		{
			"key": "iron_rhomphaia",
			"durability": 387,
			"integrity": -2,
			"magicCapacity": 84,
			"range": 1.5,
			"damage": 5,
			"attackSpeed": -0.3,
			"effects": {
				"sweeping": 2
			},
			"capabilities": {
				"cut": [1, 0.9375]
			},
			"glyph": { 
				"textureLocation": "tetra:textures/gui/rhomphaia_glyph.png",
				"tint": "iron_glyph" 
			},
			"models": [{
				"location": "tetra:items/module/sword/blade/rhomphaia/v1/metal",
				"tint": "iron"
			}]
		},
		{
			"key": "gold_rhomphaia",
			"durability": 26,
			"integrity": -2,
			"magicCapacity": 132,
			"range": 1.5,
			"damage": 3,
			"attackSpeed": -0.3,
			"effects": {
				"sweeping": 2
			},
			"capabilities": {
				"cut": [1, 0.9375]
			},
			"glyph": {  
				"textureLocation": "tetra:textures/gui/rhomphaia_glyph.png",
				"tint": "gold_glyph"
			},
			"models": [{
				"location": "tetra:items/module/sword/blade/rhomphaia/v1/shiny",
				"tint": "gold"
			}]
		},
		{
			"key": "diamond_rhomphaia",
			"durability": 1741,
			"integrity": -2,
			"magicCapacity": 60,
			"range": 1.5,
			"damage": 6,
			"attackSpeed": -0.3,
			"effects": {
				"sweeping": 2
			},
			"capabilities": {
				"cut": [1, 0.9375]
			},
			"glyph": { 
				"textureLocation": "tetra:textures/gui/rhomphaia_glyph.png",
				"tint": "diamond_glyph" 
			},
			"models": [{
				"location": "tetra:items/module/sword/blade/rhomphaia/v1/metal",
				"tint": "diamond"
			}]
		},
		{
			"key": "obsidian_rhomphaia",
			"durability": 2264,
			"integrity": -3,
			"magicCapacity": 42,
			"range": 1.5,
			"damage": 8,
			"attackSpeed": -0.4,
			"effects": {
				"sweeping": 2
			},
			"capabilities": {
				"cut": [1, 0.9375]
			},
			"glyph": { 
				"textureLocation": "tetra:textures/gui/rhomphaia_glyph.png",
				"tint": "obsidian_glyph" 
			},
			"models": [{
				"location": "tetra:items/module/sword/blade/rhomphaia/v1/grainy",
				"tint": "obsidian"
			}]
		},
		
		
		{
            "key": "copper_rhomphaia",
            "durability": 259,
            "integrity": -1,
            "magicCapacity": 78,
            "damage": 5,
            "attackSpeed": 0.2,
            "effects": {
                "unarmoredDamage": 2
            },
            "capabilities": {
                "cut": [
                    1,
                    0.9375
                ]
            },
            "glyph": { 
				"textureLocation": "tetra:textures/gui/rhomphaia_glyph.png",
                "tint": "copper_glyph"
            },
            "models": [
                {
                    "location": "tetra:items/module/sword/blade/rhomphaia/v1/metal",
                    "tint": "copper"
                }
            ]
        
		},
        {
            "key": "tin_rhomphaia",
            "durability": 136,
            "integrity": -1,
            "magicCapacity": 72,
            "damage": 4,
            "attackSpeed": 0.2,
            "effects": {
                "unarmoredDamage": 1
            },
            "capabilities": {
                "cut": [
                    1,
                    0.9375
                ]
            },
            "glyph": { 
				"textureLocation": "tetra:textures/gui/rhomphaia_glyph.png",
                "tint": "tin_glyph"
            },
            "models": [
                {
                    "location": "tetra:items/module/sword/blade/rhomphaia/v1/metal",
                    "tint": "tin"
                }
            ]
        },
        {
            "key": "silver_rhomphaia",
            "durability": 96,
            "integrity": -2,
            "magicCapacity": 126,
            "damage": 4,
            "attackSpeed": 0.2,
            "effects": {
                "unarmoredDamage": 2
            },
            "capabilities": {
                "cut": [
                    1,
                    0.9375
                ]
            },
            "glyph": { 
				"textureLocation": "tetra:textures/gui/rhomphaia_glyph.png",
                "tint": "silver_glyph"
            },
            "models": [
                {
                    "location": "tetra:items/module/sword/blade/rhomphaia/v1/shiny",
                    "tint": "silver"
                }
            ]
        },
        {
            "key": "nickel_rhomphaia",
            "durability": 350,
            "integrity": -2,
            "magicCapacity": 72,
            "damage": 6,
            "attackSpeed": 0.2,
            "effects": {
                "unarmoredDamage": 2
            },
            "capabilities": {
                "cut": [
                    1,
                    0.9375
                ]
            },
            "glyph": { 
				"textureLocation": "tetra:textures/gui/rhomphaia_glyph.png",
                "tint": "nickel_glyph"
            },
            "models": [
                {
                    "location": "tetra:items/module/sword/blade/rhomphaia/v1/metal",
                    "tint": "nickel"
                }
            ]
        },
        {
            "key": "lead_rhomphaia",
            "durability": 189,
            "integrity": -3,
            "magicCapacity": 66,
            "damage": 6,
            "attackSpeed": -0.4,
            "effects": {
                "unarmoredDamage": 2
            },
            "capabilities": {
                "cut": [1, 0.9375]
            },
            "glyph": { 
				"textureLocation": "tetra:textures/gui/rhomphaia_glyph.png",
                "tint": "lead_glyph"
            },
            "models": [
                {
                    "location": "tetra:items/module/sword/blade/rhomphaia/v1/metal",
                    "tint": "lead"
                }
            ]
        },
        {
            "key": "bronze_rhomphaia",
            "durability": 560,
            "integrity": 0,
            "magicCapacity": 78,
            "damage": 5,
            "attackSpeed": 0.2,
            "effects": {
                "unarmoredDamage": 2
            },
            "capabilities": {
                "cut": [
                    1,
                    0.9375
                ]
            },
            "glyph": { 
				"textureLocation": "tetra:textures/gui/rhomphaia_glyph.png",
                "tint": "bronze_glyph"
            },
            "models": [
                {
                    "location": "tetra:items/module/sword/blade/rhomphaia/v1/metal",
                    "tint": "bronze"
                }
            ]
        },
        {
            "key": "electrum_rhomphaia",
            "durability": 93,
            "integrity": -2,
            "magicCapacity": 144,
            "damage": 4,
            "attackSpeed": 0.2,
            "effects": {
                "unarmoredDamage": 2
            },
            "capabilities": {
                "cut": [
                    1,
                    0.9375
                ]
            },
            "glyph": { 
				"textureLocation": "tetra:textures/gui/rhomphaia_glyph.png",
                "tint": "electrum_glyph"
            },
            "models": [
                {
                    "location": "tetra:items/module/sword/blade/rhomphaia/v1/shiny",
                    "tint": "electrum"
                }
            ]
        },
        {
            "key": "steel_rhomphaia",
            "durability": 665,
            "integrity": -2,
            "magicCapacity": 66,
            "damage": 6,
            "attackSpeed": 0.2,
            "effects": {
                "unarmoredDamage": 3
            },
            "capabilities": {
                "cut": [
                    1,
                    0.9375
                ]
            },
            "glyph": { 
				"textureLocation": "tetra:textures/gui/rhomphaia_glyph.png",
                "tint": "steel_glyph"
            },
            "models": [
                {
                    "location": "tetra:items/module/sword/blade/rhomphaia/v1/metal",
                    "tint": "steel"
                }
            ]
        }
	]
}