{
    "replace": true,
    "type": "tetra:basic_major_module",
    "slots": [
        "double/handle"
    ],
    "renderLayer": "lower",
    "improvements": [
        "tetra:enchantment/knockback",
        "tetra:enchantment/ma-enchants_faster_attack",
        "tetra:enchantment/ma-enchants_combo",
        "tetra:enchantment/ma-enchants_wisdom",
        "tetra:enchantment/naturesaura_aura_mending",
        "tetra:enchantment/cyclic_magnet",
        "tetra:enchantment/ma-enchants_curse_butterfingers",
        "tetra:enchantment/mending",
        "tetra:enchantment/unbreaking",
        "tetra:enchantment/apotheosis_life_mending",
        "tetra:enchantment/ma-enchants_curse_breaking",
        "tetra:enchantment/cyclic_experience_boost",
        "tetra:enchantment/ma-enchants_timeless",
        "tetra:enchantment/vanishing_curse",
        "tetra:enchantment/ensorcellation_soulbound",
        "tetra:enchantment/ma-enchants_curse_death",
        "tetra:enchantment/cursed_fragility",
        "tetra:enchantment/cursed_misfortune",
        "tetra:enchantment/cursed_fading",
        "tetra:enchantment/cursed_obedience",
        "tetra:enchantment/cursed_encumbrance",
        "tetra:double/basic_handle",
        "tetra:double/basic_handle_compat",
        "tetra:double/basic_handle_hone",
        "tetra:settling_improvements",
        "tetra:destabilization_improvements"
    ],
    "variants": [
        {
            "key": "basic_handle/stick",
            "durability": 20,
            "integrity": 3,
            "magicCapacity": 90,
            "glyph": {
                "tint": "stick_glyph",
                "textureX": 16
            },
            "models": [
                {
                    "location": "tetra:items/module/double/handle/basic/default",
                    "tint": "stick"
                }
            ]
        },
        {
            "key": "basic_handle/oak",
            "durability": 31,
            "integrity": 4,
            "magicCapacity": 90,
            "attackSpeed": -0.1,
            "glyph": {
                "tint": "oak_glyph",
                "textureX": 16
            },
            "models": [
                {
                    "location": "tetra:items/module/double/handle/basic/default",
                    "tint": "oak"
                }
            ]
        },
        {
            "key": "basic_handle/spruce",
            "durability": 31,
            "integrity": 4,
            "magicCapacity": 90,
            "attackSpeed": -0.1,
            "glyph": {
                "tint": "spruce_glyph",
                "textureX": 16
            },
            "models": [
                {
                    "location": "tetra:items/module/double/handle/basic/default",
                    "tint": "spruce"
                }
            ]
        },
        {
            "key": "basic_handle/birch",
            "durability": 31,
            "integrity": 4,
            "magicCapacity": 90,
            "attackSpeed": -0.1,
            "glyph": {
                "tint": "birch_glyph",
                "textureX": 16
            },
            "models": [
                {
                    "location": "tetra:items/module/double/handle/basic/bright",
                    "tint": "birch"
                }
            ]
        },
        {
            "key": "basic_handle/jungle",
            "durability": 31,
            "integrity": 4,
            "magicCapacity": 102,
            "attackSpeed": -0.1,
            "glyph": {
                "tint": "jungle_glyph",
                "textureX": 16
            },
            "models": [
                {
                    "location": "tetra:items/module/double/handle/basic/default",
                    "tint": "jungle"
                }
            ]
        },
        {
            "key": "basic_handle/acacia",
            "durability": 31,
            "integrity": 4,
            "magicCapacity": 90,
            "attackSpeed": -0.1,
            "glyph": {
                "tint": "acacia_glyph",
                "textureX": 16
            },
            "models": [
                {
                    "location": "tetra:items/module/double/handle/basic/default",
                    "tint": "acacia"
                }
            ]
        },
        {
            "key": "basic_handle/dark_oak",
            "durability": 31,
            "integrity": 4,
            "magicCapacity": 102,
            "attackSpeed": -0.1,
            "glyph": {
                "tint": "dark_oak_glyph",
                "textureX": 16
            },
            "models": [
                {
                    "location": "tetra:items/module/double/handle/basic/default",
                    "tint": "dark_oak"
                }
            ]
        },
        {
            "key": "basic_handle/maple",
            "durability": 38,
            "integrity": 5,
            "magicCapacity": 96,
            "glyph": {
                "tint": "maple_glyph",
                "textureX": 16
            },
            "models": [
                {
                    "location": "tetra:items/module/double/handle/basic/default",
                    "tint": "maple"
                }
            ]
        },
        {
            "key": "basic_handle/cherry",
            "durability": 39,
            "integrity": 6,
            "magicCapacity": 78,
            "attackSpeed": -0.1,
            "glyph": {
                "tint": "cherry_glyph",
                "textureX": 16
            },
            "models": [
                {
                    "location": "tetra:items/module/double/handle/basic/default",
                    "tint": "cherry"
                }
            ]
        },
        {
            "key": "basic_handle/baobab",
            "durability": 47,
            "integrity": 8,
            "magicCapacity": 78,
            "attackSpeed": -0.1,
            "glyph": {
                "tint": "baobab_glyph",
                "textureX": 16
            },
            "models": [
                {
                    "location": "tetra:items/module/double/handle/basic/default",
                    "tint": "baobab"
                }
            ]
        },
        {
            "key": "basic_handle/bone",
            "durability": 39,
            "integrity": 4,
            "magicCapacity": 108,
            "glyph": {
                "tint": "bone_glyph",
                "textureX": 16
            },
            "models": [
                {
                    "location": "tetra:items/module/double/handle/basic/bone"
                }
            ]
        },
        {
            "key": "basic_handle/iron",
            "durability": 58,
            "integrity": 5,
            "magicCapacity": 84,
            "attackSpeed": -0.2,
            "glyph": {
                "tint": "iron_glyph",
                "textureX": 16
            },
            "models": [
                {
                    "location": "tetra:items/module/double/handle/basic/default",
                    "tint": "iron_dark"
                }
            ]
        },
        {
            "key": "basic_handle/bronze",
            "durability": 36,
            "integrity": 6,
            "magicCapacity": 78,
            "attackSpeed": -0.3,
            "glyph": {
                "tint": "bronze_glyph",
                "textureX": 16
            },
            "models": [
                {
                    "location": "tetra:items/module/double/handle/basic/default",
                    "tint": "bronze"
                }
            ]
        },
        {
            "key": "basic_handle/steel",
            "durability": 244,
            "integrity": 5,
            "magicCapacity": 66,
            "attackSpeed": -0.2,
            "glyph": {
                "tint": "steel_glyph",
                "textureX": 16
            },
            "models": [
                {
                    "location": "tetra:items/module/double/handle/basic/default",
                    "tint": "steel"
                }
            ]
        },
        {
            "key": "basic_handle/blaze_rod",
            "durability": 80,
            "integrity": 7,
            "magicCapacity": 108,
            "attackSpeed": -0.1,
            "glyph": {
                "tint": "blaze_rod_glyph",
                "textureX": 16
            },
            "models": [
                {
                    "location": "tetra:items/module/double/handle/basic/bright",
                    "tint": "blaze_rod"
                }
            ]
        },
        {
            "key": "basic_handle/end_rod",
            "durability": 106,
            "integrity": 8,
            "magicCapacity": 102,
            "attackSpeed": -0.2,
            "glyph": {
                "tint": "end_rod_glyph",
                "textureX": 16
            },
            "models": [
                {
                    "location": "tetra:items/module/double/handle/basic/bright",
                    "tint": "end_rod"
                }
            ]
        },
        {
            "key": "basic_handle/greatwood",
            "durability": 28,
            "integrity": 6,
            "magicCapacity": 120,
            "glyph": {
                "tint": "greatwood_glyph",
                "textureX": 16
            },
            "models": [
                {
                    "location": "tetra:items/module/double/handle/basic/default",
                    "tint": "greatwood"
                }
            ]
        },
        {
            "key": "basic_handle/treated_wood",
            "durability": 124,
            "integrity": 6,
            "magicCapacity": 90,
            "attackSpeed": -0.1,
            "glyph": {
                "tint": "treated_wood_glyph",
                "textureX": 16
            },
            "models": [
                {
                    "location": "tetra:items/module/double/handle/basic/default",
                    "tint": "treated_wood"
                }
            ]
        },
        {
            "key": "basic_handle/ironwood",
            "durability": 63,
            "integrity": 5,
            "magicCapacity": 90,
            "glyph": {
                "tint": "ironwood_glyph",
                "textureX": 16
            },
            "models": [
                {
                    "location": "tetra:items/module/double/handle/basic/default",
                    "tint": "ironwood"
                }
            ]
        },
        {
            "key": "basic_handle/forged_beam",
            "durability": 250,
            "integrity": 7,
            "magicCapacity": 36,
            "attackSpeed": -0.3,
            "damageMultiplier": 0.9,
            "glyph": {
                "tint": "forged_beam_glyph",
                "textureX": 16
            },
            "models": [
                {
                    "location": "tetra:items/module/double/handle/basic/default",
                    "tint": "forged_beam"
                }
            ]
        },
        {
            "key": "basic_gold_handle",
            "durability": 14,
            "integrity": 4,
            "magicCapacity": 132,
            "attackSpeed": -0.2,
            "glyph": {
                "tint": "gold_glyph",
                "textureX": 16
            },
            "models": [
                {
                    "location": "tetra:items/module/double/handle/basic/default",
                    "tint": "gold"
                }
            ]
        },
        {
            "key": "basic_brass_handle",
            "durability": 28,
            "integrity": 5,
            "magicCapacity": 66,
            "attackSpeed": -0.2,
            "glyph": {
                "tint": "ebd999",
                "textureX": 16
            },
            "models": [
                {
                    "location": "tetra:items/module/double/handle/basic/default",
                    "tint": "ebd999"
                }
            ]
        },
        {
            "key": "basic_copper_handle",
            "durability": 20,
            "integrity": 5,
            "magicCapacity": 78,
            "attackSpeed": -0.2,
            "glyph": {
                "tint": "copper_glyph",
                "textureX": 16
            },
            "models": [
                {
                    "location": "tetra:items/module/double/handle/basic/default",
                    "tint": "copper"
                }
            ]
        },
        {
            "key": "basic_tin_handle",
            "durability": 15,
            "integrity": 4,
            "magicCapacity": 50,
            "attackSpeed": -0.2,
            "glyph": {
                "tint": "tin_glyph",
                "textureX": 16
            },
            "models": [
                {
                    "location": "tetra:items/module/double/handle/basic/default",
                    "tint": "tin"
                }
            ]
        },
        {
            "key": "basic_silver_handle",
            "durability": 30,
            "integrity": 5,
            "magicCapacity": 96,
            "attackSpeed": -0.2,
            "glyph": {
                "tint": "silver_glyph",
                "textureX": 16
            },
            "models": [
                {
                    "location": "tetra:items/module/double/handle/basic/default",
                    "tint": "silver"
                }
            ]
        },
        {
            "key": "basic_nickel_handle",
            "durability": 62,
            "integrity": 6,
            "magicCapacity": 84,
            "attackSpeed": -0.2,
            "glyph": {
                "tint": "nickel_glyph",
                "textureX": 16
            },
            "models": [
                {
                    "location": "tetra:items/module/double/handle/basic/default",
                    "tint": "nickel"
                }
            ]
        },
        {
            "key": "basic_lead_handle",
            "durability": 20,
            "integrity": 5,
            "magicCapacity": 76,
            "attackSpeed": -0.2,
            "glyph": {
                "tint": "lead_glyph",
                "textureX": 16
            },
            "models": [
                {
                    "location": "tetra:items/module/double/handle/basic/default",
                    "tint": "lead"
                }
            ]
        },
        {
            "key": "basic_electrum_handle",
            "durability": 34,
            "integrity": 5,
            "magicCapacity": 66,
            "attackSpeed": -0.2,
            "glyph": {
                "tint": "electrum_glyph",
                "textureX": 16
            },
            "models": [
                {
                    "location": "tetra:items/module/double/handle/basic/default",
                    "tint": "electrum"
                }
            ]
        }
    ]
}