{
    "replace": true,
    "slots": ["sword/blade"],
    "type": "tetra:basic_major_module",
    "improvements": [
        "tetra:sword/blade/basic_blade",
        "tetra:sword/blade/serrated",
        "tetra:sword/blade/hooked",
        "tetra:sword/blade/tempered",
        "tetra:sword/blade/shared",
        "tetra:sword/blade/shared_compat",
        "tetra:sword/blade/shared_hone",
        "tetra:settling_improvements",
        "tetra:destabilization_improvements"
    ],
	"variants": [
		{
            "key": "oak_saber",
            "durability": 93,
            "integrity": -2,
            "magicCapacity": 90,
			"range": 1,
            "damage": 3,
            "attackSpeed": -0.3,
            "effects": {
                "sweeping": 4
            },
            "capabilities": {
                "cut": [1, 0.9375]
            },
            "glyph": { 
				"textureLocation": "tetra:textures/gui/saber_glyph.png",
				"tint": "oak_glyph" 
			},
            "models": [{
                "location": "tetra:items/module/sword/blade/saber/crude",
                "tint": "oak"
            }]
        },
		{
            "key": "spruce_saber",
            "durability": 93,
            "integrity": -2,
            "magicCapacity": 90,
			"range": 1,
            "damage": 3,
            "attackSpeed": -0.2,
            "effects": {
                "sweeping": 4
            },
            "capabilities": {
                "cut": [1, 0.9375]
            },
            "glyph": { 
				"textureLocation": "tetra:textures/gui/saber_glyph.png",
				"tint": "spruce_glyph" 
			},
            "models": [{
                "location": "tetra:items/module/sword/blade/saber/crude",
                "tint": "spruce"
            }]
        },
		{
            "key": "birch_saber",
            "durability": 133,
            "integrity": -2,
            "magicCapacity": 90,
			"range": 1,
            "damage": 3,
            "attackSpeed": -0.3,
            "effects": {
                "sweeping": 4
            },
            "capabilities": {
                "cut": [1, 0.9375]
            },
            "glyph": { 
				"textureLocation": "tetra:textures/gui/saber_glyph.png",
				"tint": "birch_glyph" 
			},
            "models": [{
                "location": "tetra:items/module/sword/blade/saber/crude",
                "tint": "birch"
            }]
        },
		{
            "key": "jungle_saber",
            "durability": 93,
            "integrity": -2,
            "magicCapacity": 102,
			"range": 1,
            "damage": 3,
            "attackSpeed": -0.3,
            "effects": {
                "sweeping": 4
            },
            "capabilities": {
                "cut": [1, 0.9375]
            },
            "glyph": { 
				"textureLocation": "tetra:textures/gui/saber_glyph.png",
				"tint": "jungle_glyph" 
			},
            "models": [{
                "location": "tetra:items/module/sword/blade/saber/crude",
                "tint": "jungle"
            }]
        },
		{
            "key": "acacia_saber",
            "durability": 133,
            "integrity": -2,
            "magicCapacity": 90,
			"range": 1,
            "damage": 4,
            "attackSpeed": -0.3,
            "effects": {
                "sweeping": 4
            },
            "capabilities": {
                "cut": [1, 0.9375]
            },
            "glyph": { 
				"textureLocation": "tetra:textures/gui/saber_glyph.png",
				"tint": "acacia_glyph"
			},
            "models": [{
                "location": "tetra:items/module/sword/blade/saber/crude",
                "tint": "acacia"
            }]
        },
		{
            "key": "dark_oak_saber",
            "durability": 93,
            "integrity": -2,
            "magicCapacity": 102,
			"range": 1,
            "damage": 3,
            "attackSpeed": -0.3,
            "effects": {
                "sweeping": 4
            },
            "capabilities": {
                "cut": [1, 0.9375]
            },
            "glyph": { 
				"textureLocation": "tetra:textures/gui/saber_glyph.png",
				"tint": "dark_oak_glyph"
			},
            "models": [{
                "location": "tetra:items/module/sword/blade/saber/crude",
                "tint": "dark_oak"
            }]
        },
		{
            "key": "cobblestone_saber",
            "durability": 189,
            "integrity": -2,
            "magicCapacity": 30,
			"range": 1,
            "damage": 4,
            "attackSpeed": -0.3,
            "effects": {
                "sweeping": 4
            },
            "capabilities": {
                "cut": [1, 0.9375]
            },
            "glyph": { 
				"textureLocation": "tetra:textures/gui/saber_glyph.png",
				"tint": "cobblestone_glyph"
			},
            "models": [{
                "location": "tetra:items/module/sword/blade/saber/crude",
                "tint": "cobblestone"
            }]
        },
		{
            "key": "stone_saber",
            "durability": 333,
            "integrity": -2,
            "magicCapacity": 30,
			"range": 1,
            "damage": 4,
            "attackSpeed": -0.3,
            "effects": {
                "sweeping": 4
            },
            "capabilities": {
                "cut": [1, 0.9375]
            },
            "glyph": { 
				"textureLocation": "tetra:textures/gui/saber_glyph.png",
				"tint": "stone_glyph"
			},
            "models": [{
                "location": "tetra:items/module/sword/blade/saber/metal",
                "tint": "stone"
            }]
        },
		{
            "key": "granite_saber",
            "durability": 444,
            "integrity": -2,
            "magicCapacity": 30,
			"range": 1,
            "damage": 4,
            "attackSpeed": -0.3,
            "effects": {
                "sweeping": 4
            },
            "capabilities": {
                "cut": [1, 0.9375]
            },
            "glyph": { 
				"textureLocation": "tetra:textures/gui/saber_glyph.png", 
				"tint": "granite_glyph"
			},
            "models": [{
                "location": "tetra:items/module/sword/blade/saber/grainy",
                "tint": "granite"
            }]
        },
		{
            "key": "diorite_saber",
            "durability": 333,
            "integrity": -2,
            "magicCapacity": 42,
			"range": 1,
            "damage": 4,
            "attackSpeed": -0.3,
            "effects": {
                "sweeping": 4
            },
            "capabilities": {
                "cut": [1, 0.9375]
            },
            "glyph": {  
				"textureLocation": "tetra:textures/gui/saber_glyph.png",
				"tint": "diorite_glyph" 
			},
            "models": [{
                "location": "tetra:items/module/sword/blade/saber/grainy",
                "tint": "diorite"
            }]
        },
		{
            "key": "andesite_saber",
            "durability": 370,
            "integrity": -2,
            "magicCapacity": 30,
			"range": 1,
            "damage": 5,
            "attackSpeed": -0.3,
            "effects": {
                "sweeping": 4
            },
            "capabilities": {
                "cut": [1, 0.9375]
            },
            "glyph": {  
				"textureLocation": "tetra:textures/gui/saber_glyph.png",
				"tint": "andesite_glyph" 
			},
            "models": [{
                "location": "tetra:items/module/sword/blade/saber/grainy",
                "tint": "andesite"
            }]
        },
		{
            "key": "flint_saber",
            "durability": 189,
            "integrity": -2,
            "magicCapacity": 90,
			"range": 1,
            "damage": 5,
            "attackSpeed": -0.3,
            "effects": {
                "sweeping": 4
            },
            "capabilities": {
                "cut": [1, 0.9375]
            },
            "glyph": { 
				"textureLocation": "tetra:textures/gui/saber_glyph.png",
				"tint": "flint_glyph"
			},
            "models": [{
                "location": "tetra:items/module/sword/blade/saber/grainy",
                "tint": "flint"
            }]
        },
		{
			"key": "iron_saber",
			"durability": 409,
			"integrity": -2,
			"magicCapacity": 84,
			"range": 1.5,
			"damage": 5,
			"attackSpeed": -0.3,
			"effects": {
				"sweeping": 4
			},
			"capabilities": {
				"cut": [1, 0.9375]
			},
			"glyph": { 
				"textureLocation": "tetra:textures/gui/saber_glyph.png",
				"tint": "iron_glyph" 
			},
			"models": [{
				"location": "tetra:items/module/sword/blade/saber/metal",
				"tint": "iron"
			}]
		},
		{
			"key": "gold_saber",
			"durability": 28,
			"integrity": -2,
			"magicCapacity": 132,
			"range": 1.5,
			"damage": 3,
			"attackSpeed": -0.3,
			"effects": {
				"sweeping": 4
			},
			"capabilities": {
				"cut": [1, 0.9375]
			},
			"glyph": {  
				"textureLocation": "tetra:textures/gui/saber_glyph.png",
				"tint": "gold_glyph"
			},
			"models": [{
				"location": "tetra:items/module/sword/blade/saber/shiny",
				"tint": "gold"
			}]
		},
		{
			"key": "diamond_saber",
			"durability": 1865,
			"integrity": -2,
			"magicCapacity": 60,
			"range": 1.5,
			"damage": 6,
			"attackSpeed": -0.3,
			"effects": {
				"sweeping": 4
			},
			"capabilities": {
				"cut": [1, 0.9375]
			},
			"glyph": { 
				"textureLocation": "tetra:textures/gui/saber_glyph.png",
				"tint": "diamond_glyph" 
			},
			"models": [{
				"location": "tetra:items/module/sword/blade/saber/metal",
				"tint": "diamond"
			}]
		},
		{
			"key": "obsidian_saber",
			"durability": 2304,
			"integrity": -3,
			"magicCapacity": 42,
			"range": 1.5,
			"damage": 8,
			"attackSpeed": -0.4,
			"effects": {
				"sweeping": 4
			},
			"capabilities": {
				"cut": [1, 0.9375]
			},
			"glyph": { 
				"textureLocation": "tetra:textures/gui/saber_glyph.png",
				"tint": "obsidian_glyph" 
			},
			"models": [{
				"location": "tetra:items/module/sword/blade/saber/grainy",
				"tint": "obsidian"
			}]
		},
		
		
		{
            "key": "copper_saber",
            "durability": 274,
            "integrity": -1,
            "magicCapacity": 78,
            "damage": 5,
            "attackSpeed": -0.3,
            "effects": {
                "sweeping": 4
            },
            "capabilities": {
                "cut": [1, 0.9375]
            },
            "glyph": { 
				"textureLocation": "tetra:textures/gui/saber_glyph.png",
                "tint": "copper_glyph"
            },
            "models": [{
                    "location": "tetra:items/module/sword/blade/saber/metal",
                    "tint": "copper"
            }]
		},
        {
            "key": "tin_saber",
            "durability": 141,
            "integrity": -1,
            "magicCapacity": 72,
            "damage": 4,
            "attackSpeed": -0.3,
            "effects": {
                "sweeping": 4
            },
            "capabilities": {
                "cut": [1, 0.9375]
            },
            "glyph": { 
				"textureLocation": "tetra:textures/gui/saber_glyph.png",
                "tint": "tin_glyph"
            },
            "models": [{
                    "location": "tetra:items/module/sword/blade/saber/metal",
                    "tint": "tin"
            }]
        },
        {
            "key": "silver_saber",
            "durability": 101,
            "integrity": -2,
            "magicCapacity": 126,
            "damage": 4,
            "attackSpeed": -0.3,
            "effects": {
                "sweeping": 4
            },
            "capabilities": {
                "cut": [1, 0.9375]
            },
            "glyph": { 
				"textureLocation": "tetra:textures/gui/saber_glyph.png",
                "tint": "silver_glyph"
            },
            "models": [{
                    "location": "tetra:items/module/sword/blade/saber/shiny",
                    "tint": "silver"
            }]
        },
        {
            "key": "nickel_saber",
            "durability": 370,
            "integrity": -2,
            "magicCapacity": 72,
            "damage": 6,
            "attackSpeed": -0.3,
            "effects": {
                "sweeping": 4
            },
            "capabilities": {
                "cut": [1, 0.9375]
            },
            "glyph": { 
				"textureLocation": "tetra:textures/gui/saber_glyph.png",
                "tint": "nickel_glyph"
            },
            "models": [{
                    "location": "tetra:items/module/sword/blade/saber/metal",
                    "tint": "nickel"
            }]
        },
        {
            "key": "lead_saber",
            "durability": 200,
            "integrity": -3,
            "magicCapacity": 66,
            "damage": 6,
            "attackSpeed": -0.4,
            "effects": {
                "sweeping": 4
            },
            "capabilities": {
                "cut": [1, 0.9375]
            },
            "glyph": { 
				"textureLocation": "tetra:textures/gui/saber_glyph.png",
                "tint": "lead_glyph"
            },
            "models": [{
                    "location": "tetra:items/module/sword/blade/saber/metal",
                    "tint": "lead"
            }]
        },
        {
            "key": "bronze_saber",
            "durability": 592,
            "integrity": -1,
            "magicCapacity": 78,
            "damage": 5,
            "attackSpeed": -0.3,
            "effects": {
                "sweeping": 4
            },
            "capabilities": {
                "cut": [1, 0.9375]
            },
            "glyph": { 
				"textureLocation": "tetra:textures/gui/saber_glyph.png",
                "tint": "bronze_glyph"
            },
            "models": [{
                    "location": "tetra:items/module/sword/blade/saber/metal",
                    "tint": "bronze"
            }]
        },
        {
            "key": "electrum_saber",
            "durability": 98,
            "integrity": -2,
            "magicCapacity": 144,
            "damage": 4,
            "attackSpeed": -0.3,
            "effects": {
                "sweeping": 4
            },
            "capabilities": {
                "cut": [1, 0.9375]
            },
            "glyph": { 
				"textureLocation": "tetra:textures/gui/saber_glyph.png",
                "tint": "electrum_glyph"
            },
            "models": [{
                    "location": "tetra:items/module/sword/blade/saber/shiny",
                    "tint": "electrum"
            }]
        },
        {
            "key": "steel_saber",
            "durability": 703,
            "integrity": -2,
            "magicCapacity": 66,
            "damage": 6,
            "attackSpeed": -0.3,
            "effects": {
                "sweeping": 4
            },
            "capabilities": {
                "cut": [1, 0.9375]
            },
            "glyph": { 
				"textureLocation": "tetra:textures/gui/saber_glyph.png",
                "tint": "steel_glyph"
            },
            "models": [{
                    "location": "tetra:items/module/sword/blade/saber/metal",
                    "tint": "steel"
            }]
        }
	]
}