{
    "replace": true,
    "slots": [
        "sword/blade"
    ],
    "materialSlotCount": 1,
    "displayType": "major",
	"glyph": {
		"textureLocation": "tetra:textures/gui/rhomphaia_glyph.png"
	},
	"outcomes": [
		{
            "material": {
                "item": "minecraft:oak_planks",
                "count": 5
            },
            "requiredCapabilities": {
                "axe": 1
            },
            "moduleKey": "sword/rhomphaia",
            "moduleVariant": "oak_rhomphaia"
        },
		{
            "material": {
                "item": "minecraft:spruce_planks",
                "count": 5
            },
            "requiredCapabilities": {
                "axe": 1
            },
            "moduleKey": "sword/rhomphaia",
            "moduleVariant": "spruce_rhomphaia"
        },
		{
            "material": {
                "item": "minecraft:birch_planks",
                "count": 5
            },
            "requiredCapabilities": {
                "axe": 1
            },
            "moduleKey": "sword/rhomphaia",
            "moduleVariant": "birch_rhomphaia"
        },
		{
            "material": {
                "item": "minecraft:jungle_planks",
                "count": 5
            },
            "requiredCapabilities": {
                "axe": 1
            },
            "moduleKey": "sword/rhomphaia",
            "moduleVariant": "jungle_rhomphaia"
        },
		{
            "material": {
                "item": "minecraft:acacia_planks",
                "count": 5
            },
            "requiredCapabilities": {
                "axe": 2
            },
            "moduleKey": "sword/rhomphaia",
            "moduleVariant": "acacia_rhomphaia"
        },
		{
            "material": {
                "item": "minecraft:jungle_planks",
                "count": 5
            },
            "requiredCapabilities": {
                "axe": 1
            },
            "moduleKey": "sword/rhomphaia",
            "moduleVariant": "jungle_rhomphaia"
        },
		{
            "material": {
                "item": "minecraft:dark_oak_planks",
                "count": 5
            },
            "requiredCapabilities": {
                "axe": 2
            },
            "moduleKey": "sword/rhomphaia",
            "moduleVariant": "dark_oak_rhomphaia"
        },
		{
			"material": {
				"tag": "forge:cobblestone",
				"count": 5
			},
			"requiredCapabilities": {
				"hammer": 2
			},
			"moduleKey": "sword/rhomphaia",
			"moduleVariant": "cobblestone_rhomphaia"
		},
		{
			"material": {
				"item": "minecraft:stone",
				"count": 5
			},
			"requiredCapabilities": {
				"hammer": 2
			},
			"moduleKey": "sword/rhomphaia",
			"moduleVariant": "stone_rhomphaia"
		},
		{
			"material": {
				"item": "minecraft:granite",
				"count": 5
			},
			"requiredCapabilities": {
				"hammer": 2
			},
			"moduleKey": "sword/rhomphaia",
			"moduleVariant": "granite_rhomphaia"
		},
		{
			"material": {
				"item": "minecraft:diorite",
				"count": 5
			},
			"requiredCapabilities": {
				"hammer": 2
			},
			"moduleKey": "sword/rhomphaia",
			"moduleVariant": "diorite_rhomphaia"
		},
		{
			"material": {
				"item": "minecraft:andesite",
				"count": 5
			},
			"requiredCapabilities": {
				"hammer": 2
			},
			"moduleKey": "sword/rhomphaia",
			"moduleVariant": "andesite_rhomphaia",
			"improvements": {
				"arrested": 0
			}
		},
		{
			"material": {
				"item": "minecraft:iron_ingot",
				"count": 5
			},
			"requiredCapabilities": {
				"hammer": 3
			},
			"moduleKey": "sword/rhomphaia",
			"moduleVariant": "iron_rhomphaia"
		},
		{
			"material": {
				"item": "minecraft:flint",
				"count": 5
			},
			"requiredCapabilities": {
				"hammer": 2
			},
			"moduleKey": "sword/rhomphaia",
			"moduleVariant": "flint_rhomphaia"
		},
		{
			"material": {
				"item": "minecraft:gold_ingot",
				"count": 5
			},
			"requiredCapabilities": {
				"hammer": 2
			},
			"moduleKey": "sword/rhomphaia",
			"moduleVariant": "gold_rhomphaia"
		},
		{
			"material": {
				"tag": "forge:gems/diamond",
				"count": 5
			},
			"requiredCapabilities": {
				"hammer": 3
			},
			"moduleKey": "sword/rhomphaia",
			"moduleVariant": "diamond_rhomphaia",
			"improvements": {
				"arrested": 0
			}
		},
		{
			"material": {
				"item": "minecraft:obsidian",
				"count": 5
			},
			"requiredCapabilities": {
				"hammer": 4
			},
			"moduleKey": "sword/rhomphaia",
			"moduleVariant": "obsidian_rhomphaia",
			"improvements": {
				"arrested": 0
			}
		},
        {
            "material": {
                "tag": "forge:ingots/copper",
                "count": 5
            },
            "requiredCapabilities": {
                "hammer": 2
            },
            "moduleKey": "sword/rhomphaia",
            "moduleVariant": "copper_rhomphaia"
        },
        {
            "material": {
                "tag": "forge:ingots/tin",
                "count": 5
            },
            "requiredCapabilities": {
                "hammer": 2
            },
            "moduleKey": "sword/rhomphaia",
            "moduleVariant": "tin_rhomphaia"
        },
        {
            "material": {
                "tag": "forge:ingots/silver",
                "count": 5
            },
            "requiredCapabilities": {
                "hammer": 2
            },
            "moduleKey": "sword/rhomphaia",
            "moduleVariant": "silver_rhomphaia"
        },
        {
            "material": {
                "tag": "forge:ingots/nickel",
                "count": 5
            },
            "requiredCapabilities": {
                "hammer": 3
            },
            "moduleKey": "sword/rhomphaia",
            "moduleVariant": "nickel_rhomphaia"
        },
        {
            "material": {
                "tag": "forge:ingots/lead",
                "count": 5
            },
            "requiredCapabilities": {
                "hammer": 2
            },
            "moduleKey": "sword/rhomphaia",
            "moduleVariant": "lead_rhomphaia"
        },
        {
            "material": {
                "tag": "forge:ingots/bronze",
                "count": 5
            },
            "requiredCapabilities": {
                "hammer": 3
            },
            "moduleKey": "sword/rhomphaia",
            "moduleVariant": "bronze_rhomphaia"
        },
        {
            "material": {
                "tag": "forge:ingots/electrum",
                "count": 5
            },
            "requiredCapabilities": {
                "hammer": 2
            },
            "moduleKey": "sword/rhomphaia",
            "moduleVariant": "electrum_rhomphaia"
        },
        {
            "material": {
                "tag": "forge:ingots/steel",
                "count": 5
            },
            "requiredCapabilities": {
                "hammer": 3
            },
            "moduleKey": "sword/rhomphaia",
            "moduleVariant": "steel_rhomphaia"
        }
	]
}