{
    "replace": false,
    "slots": ["shield/plate"],
    "materialSlotCount": 1,
    "displayType": "improvement",
    "glyph": {
        "textureX": 48,
        "textureY": 240
    },
    "outcomes": [
        {
            "material": {
                "item": "minecraft:oak_planks",
                "count": 2
            },
            "requiredCapabilities": {
                "axe": 2
            },
            "improvements": {
                "shield/trim_oak": 0
            }
        },
        {
            "material": {
                "item": "minecraft:spruce_planks",
                "count": 2
            },
            "requiredCapabilities": {
                "axe": 2
            },
            "improvements": {
                "shield/trim_spruce": 0
            }
        },
        {
            "material": {
                "item": "minecraft:birch_planks",
                "count": 2
            },
            "requiredCapabilities": {
                "axe": 2
            },
            "improvements": {
                "shield/trim_birch": 0
            }
        },
        {
            "material": {
                "item": "minecraft:jungle_planks",
                "count": 2
            },
            "requiredCapabilities": {
                "axe": 2
            },
            "improvements": {
                "shield/trim_jungle": 0
            }
        },
        {
            "material": {
                "item": "minecraft:acacia_planks",
                "count": 2
            },
            "requiredCapabilities": {
                "axe": 2
            },
            "improvements": {
                "shield/trim_acacia": 0
            }
        },
        {
            "material": {
                "item": "minecraft:dark_oak_planks",
                "count": 2
            },
            "requiredCapabilities": {
                "axe": 2
            },
            "improvements": {
                "shield/trim_dark_oak": 0
            }
        },
        {
            "material": {
                "item": "minecraft:gold_ingot",
				"count": 2
            },
            "requiredCapabilities": {
                "hammer": 2
            },
            "improvements": {
                "shield/trim_gold": 0
            }
        },
        {
            "material": {
                "item": "tetra:metal_scrap",
                "count": 8
            },
            "requiredCapabilities": {
                "hammer": 4
            },
            "improvements": {
                "shield/trim_scrap": 0
            }
        },
        {
            "material": {
                "tag": "forge:ingots/copper",
				"count": 2
            },
            "requiredCapabilities": {
                "hammer": 2
            },
            "improvements": {
                "shield/trim_copper": 0
            }
        },
        {
            "material": {
                "tag": "forge:ingots/tin",
				"count": 2
            },
            "requiredCapabilities": {
                "hammer": 2
            },
            "improvements": {
                "shield/trim_tin": 0
            }
        },
        {
            "material": {
                "tag": "forge:ingots/silver",
				"count": 2
            },
            "requiredCapabilities": {
                "hammer": 2
            },
            "improvements": {
                "shield/trim_silver": 0
            }
        },
        {
            "material": {
                "tag": "forge:ingots/nickel",
				"count": 2
            },
            "requiredCapabilities": {
                "hammer": 3
            },
            "improvements": {
                "shield/trim_nickel": 0
            }
        },
        {
            "material": {
                "tag": "forge:ingots/lead",
				"count": 2
            },
            "requiredCapabilities": {
                "hammer": 2
            },
            "improvements": {
                "shield/trim_lead": 0
            }
        },
        {
            "material": {
                "tag": "forge:ingots/bronze",
				"count": 2
            },
            "requiredCapabilities": {
                "hammer": 3
            },
            "improvements": {
                "shield/trim_bronze": 0
            }
        },
        {
            "material": {
                "tag": "forge:ingots/electrum",
				"count": 2
            },
            "requiredCapabilities": {
                "hammer": 2
            },
            "improvements": {
                "shield/trim_electrum": 0
            }
        },
        {
            "material": {
                "tag": "forge:ingots/steel",
				"count": 2
            },
            "requiredCapabilities": {
                "hammer": 4
            },
            "improvements": {
                "shield/trim_steel": 0
            }
        },
        {
            "material": {
                "tag": "forge:planks/maple",
				"count": 2
            },
            "requiredCapabilities": {
                "axe": 2
            },
            "improvements": {
                "shield/trim_maple": 0
            }
        },
        {
            "material": {
                "tag": "forge:planks/cherry",
				"count": 2
            },
            "requiredCapabilities": {
                "axe": 3
            },
            "improvements": {
                "shield/trim_cherry": 0
            }
        },
        {
            "material": {
                "tag": "forge:planks/baobab",
                "count": 3
            },
            "requiredCapabilities": {
                "axe": 3
            },
            "improvements": {
                "shield/trim_baobab": 0
            }
        }
    ]
}