[
    {
        "key": "shield/studs_iron",
		"group": "studs",
        "integrity": -1,
        "durability": 33,
        "models": [
            {
                "type": "shield_heater",
                "location": "tetra:items/module/shield/plate/heater/improvements/studs",
				"tint": "iron"
            },
            {
                "type": "shield_heater",
                "location": "tetra:items/module/shield/plate/heater/improvements/studs_shadow",
                "tint": "inherit"
            }
        ]
    },
	{
        "key": "shield/studs_scrap",
		"group": "studs",
        "integrity": -2,
        "durability": 62,
        "models": [
            {
                "type": "shield_heater",
                "location": "tetra:items/module/shield/plate/heater/improvements/studs",
				"tint": "vent"
            },
            {
                "type": "shield_heater",
                "location": "tetra:items/module/shield/plate/heater/improvements/studs_shadow",
                "tint": "inherit"
            }
        ]
    },
	{
        "key": "shield/studs_copper",
		"group": "studs",
        "integrity": -1,
        "durability": 33,
        "models": [
            {
                "type": "shield_heater",
                "location": "tetra:items/module/shield/plate/heater/improvements/studs",
				"tint": "copper"
            },
            {
                "type": "shield_heater",
                "location": "tetra:items/module/shield/plate/heater/improvements/studs_shadow",
                "tint": "inherit"
            }
        ]
    },
	{
        "key": "shield/studs_tin",
		"group": "studs",
        "integrity": -1,
        "durability": 10,
        "models": [
            {
                "type": "shield_heater",
                "location": "tetra:items/module/shield/plate/heater/improvements/studs",
				"tint": "tin"
            },
            {
                "type": "shield_heater",
                "location": "tetra:items/module/shield/plate/heater/improvements/studs_shadow",
                "tint": "inherit"
            }
        ]
    },
	{
        "key": "shield/studs_silver",
		"group": "studs",
        "integrity": -1,
        "durability": 16,
        "models": [
            {
                "type": "shield_heater",
                "location": "tetra:items/module/shield/plate/heater/improvements/studs",
				"tint": "silver"
            },
            {
                "type": "shield_heater",
                "location": "tetra:items/module/shield/plate/heater/improvements/studs_shadow",
                "tint": "inherit"
            }
        ]
    },
	{
        "key": "shield/studs_nickel",
		"group": "studs",
        "integrity": -2,
        "durability": 48,
        "models": [
            {
                "type": "shield_heater",
                "location": "tetra:items/module/shield/plate/heater/improvements/studs",
				"tint": "nickel"
            },
            {
                "type": "shield_heater",
                "location": "tetra:items/module/shield/plate/heater/improvements/studs_shadow",
                "tint": "inherit"
            }
        ]
    },
	{
        "key": "shield/studs_lead",
		"group": "studs",
        "integrity": -1,
        "durability": 8,
        "models": [
            {
                "type": "shield_heater",
                "location": "tetra:items/module/shield/plate/heater/improvements/studs",
				"tint": "lead"
            },
            {
                "type": "shield_heater",
                "location": "tetra:items/module/shield/plate/heater/improvements/studs_shadow",
                "tint": "inherit"
            }
        ]
    },
	{
        "key": "shield/studs_bronze",
		"group": "studs",
        "integrity": -3,
        "durability": 79,
        "models": [
            {
                "type": "shield_heater",
                "location": "tetra:items/module/shield/plate/heater/improvements/studs",
				"tint": "bronze"
            },
            {
                "type": "shield_heater",
                "location": "tetra:items/module/shield/plate/heater/improvements/studs_shadow",
                "tint": "inherit"
            }
        ]
    },
	{
        "key": "shield/studs_electrum",
		"group": "studs",
        "integrity": -2,
        "durability": 23,
        "models": [
            {
                "type": "shield_heater",
                "location": "tetra:items/module/shield/plate/heater/improvements/studs",
				"tint": "electrum"
            },
            {
                "type": "shield_heater",
                "location": "tetra:items/module/shield/plate/heater/improvements/studs_shadow",
                "tint": "inherit"
            }
        ]
    },
	{
        "key": "shield/studs_steel",
		"group": "studs",
        "integrity": -4,
        "durability": 109,
        "models": [
            {
                "type": "shield_heater",
                "location": "tetra:items/module/shield/plate/heater/improvements/studs",
				"tint": "steel"
            },
            {
                "type": "shield_heater",
                "location": "tetra:items/module/shield/plate/heater/improvements/studs_shadow",
                "tint": "inherit"
            }
        ]
    }
]