[
    {
        "key": "shield/trim_oak",
        "group": "trim",
        "integrity": -1,
        "durabilityMultiplier": 1.04,
        "models": [
            {
                "type": "shield_heater",
                "location": "tetra:items/module/shield/plate/heater/improvements/trim",
				"tint": "oak"
            },
            {
                "type": "shield_heater",
                "location": "tetra:items/module/shield/plate/heater/improvements/trim_bevel",
                "tint": "inherit"
            }
        ]
    },
    {
        "key": "shield/trim_spruce",
        "group": "trim",
        "integrity": -1,
        "durabilityMultiplier": 1.04,
        "models": [
            {
                "type": "shield_heater",
                "location": "tetra:items/module/shield/plate/heater/improvements/trim",
				"tint": "spruce"
            },
            {
                "type": "shield_heater",
                "location": "tetra:items/module/shield/plate/heater/improvements/trim_bevel",
                "tint": "inherit"
            }
        ]
    },
    {
        "key": "shield/trim_birch",
        "group": "trim",
        "integrity": -1,
        "durabilityMultiplier": 1.04,
        "models": [
            {
                "type": "shield_heater",
                "location": "tetra:items/module/shield/plate/heater/improvements/trim",
				"tint": "birch"
            },
            {
                "type": "shield_heater",
                "location": "tetra:items/module/shield/plate/heater/improvements/trim_bevel",
                "tint": "inherit"
            }
        ]
    },
    {
        "key": "shield/trim_jungle",
        "group": "trim",
        "integrity": -1,
        "durabilityMultiplier": 1.04,
        "models": [
            {
                "type": "shield_heater",
                "location": "tetra:items/module/shield/plate/heater/improvements/trim",
				"tint": "jungle"
            },
            {
                "type": "shield_heater",
                "location": "tetra:items/module/shield/plate/heater/improvements/trim_bevel",
                "tint": "inherit"
            }
        ]
    },
    {
        "key": "shield/trim_acacia",
        "group": "trim",
        "integrity": -1,
        "durabilityMultiplier": 1.045,
        "models": [
            {
                "type": "shield_heater",
                "location": "tetra:items/module/shield/plate/heater/improvements/trim",
				"tint": "acacia"
            },
            {
                "type": "shield_heater",
                "location": "tetra:items/module/shield/plate/heater/improvements/trim_bevel",
                "tint": "inherit"
            }
        ]
    },
    {
        "key": "shield/trim_dark_oak",
        "group": "trim",
        "integrity": -1,
        "durabilityMultiplier": 1.04,
        "models": [
            {
                "type": "shield_heater",
                "location": "tetra:items/module/shield/plate/heater/improvements/trim",
				"tint": "dark_oak"
            },
            {
                "type": "shield_heater",
                "location": "tetra:items/module/shield/plate/heater/improvements/trim_bevel",
                "tint": "inherit"
            }
        ]
    },
	{
        "key": "shield/trim_iron",
        "group": "trim",
        "integrity": -1,
        "durabilityMultiplier": 1.15,
        "models": [
            {
                "type": "shield_heater",
                "location": "tetra:items/module/shield/plate/heater/improvements/trim"
            },
            {
                "type": "shield_heater",
                "location": "tetra:items/module/shield/plate/heater/improvements/trim_bevel",
                "tint": "inherit"
            }
        ]
    },
    {
        "key": "shield/trim_gold",
        "group": "trim",
        "integrity": -1,
        "durabilityMultiplier": 0.8,
        "models": [
            {
                "type": "shield_heater",
                "location": "tetra:items/module/shield/plate/heater/improvements/trim",
				"tint": "gold"
            },
            {
                "type": "shield_heater",
                "location": "tetra:items/module/shield/plate/heater/improvements/trim_bevel",
                "tint": "inherit"
            }
        ]
    },
    {
        "key": "shield/trim_scrap",
        "group": "trim",
        "integrity": -1,
        "durabilityMultiplier": 1.4,
        "models": [
            {
                "type": "shield_heater",
                "location": "tetra:items/module/shield/plate/heater/improvements/trim_scrap"
            },
            {
                "type": "shield_heater",
                "location": "tetra:items/module/shield/plate/heater/improvements/trim_scrap_bevel",
                "tint": "inherit"
            }
        ]
    },
    {
        "key": "shield/trim_copper",
        "group": "trim",
        "integrity": -1,
        "durabilityMultiplier": 1.11,
        "models": [
            {
                "type": "shield_heater",
                "location": "tetra:items/module/shield/plate/heater/improvements/trim",
				"tint": "copper"
            },
            {
                "type": "shield_heater",
                "location": "tetra:items/module/shield/plate/heater/improvements/trim_bevel",
                "tint": "inherit"
            }
        ]
    },
    {
        "key": "shield/trim_tin",
        "group": "trim",
        "integrity": -1,
        "durabilityMultiplier": 1.01,
        "models": [
            {
                "type": "shield_heater",
                "location": "tetra:items/module/shield/plate/heater/improvements/trim",
				"tint": "tin"
            },
            {
                "type": "shield_heater",
                "location": "tetra:items/module/shield/plate/heater/improvements/trim_bevel",
                "tint": "inherit"
            }
        ]
    },
    {
        "key": "shield/trim_silver",
        "group": "trim",
        "integrity": -1,
        "durabilityMultiplier": 1.05,
        "models": [
            {
                "type": "shield_heater",
                "location": "tetra:items/module/shield/plate/heater/improvements/trim",
				"tint": "silver"
            },
            {
                "type": "shield_heater",
                "location": "tetra:items/module/shield/plate/heater/improvements/trim_bevel",
                "tint": "inherit"
            }
        ]
    },
    {
        "key": "shield/trim_nickel",
        "group": "trim",
        "integrity": -1,
        "durabilityMultiplier": 1.18,
        "models": [
            {
                "type": "shield_heater",
                "location": "tetra:items/module/shield/plate/heater/improvements/trim",
				"tint": "nickel"
            },
            {
                "type": "shield_heater",
                "location": "tetra:items/module/shield/plate/heater/improvements/trim_bevel",
                "tint": "inherit"
            }
        ]
    },
    {
        "key": "shield/trim_lead",
        "group": "trim",
        "integrity": -1,
        "durabilityMultiplier": 1.02,
        "models": [
            {
                "type": "shield_heater",
                "location": "tetra:items/module/shield/plate/heater/improvements/trim",
				"tint": "lead"
            },
            {
                "type": "shield_heater",
                "location": "tetra:items/module/shield/plate/heater/improvements/trim_bevel",
                "tint": "inherit"
            }
        ]
    },
    {
        "key": "shield/trim_bronze",
        "group": "trim",
        "integrity": -1,
        "durabilityMultiplier": 1.2,
        "models": [
            {
                "type": "shield_heater",
                "location": "tetra:items/module/shield/plate/heater/improvements/trim",
				"tint": "bronze"
            },
            {
                "type": "shield_heater",
                "location": "tetra:items/module/shield/plate/heater/improvements/trim_bevel",
                "tint": "inherit"
            }
        ]
    },
    {
        "key": "shield/trim_electrum",
        "group": "trim",
        "integrity": -1,
        "durabilityMultiplier": 1.1,
        "models": [
            {
                "type": "shield_heater",
                "location": "tetra:items/module/shield/plate/heater/improvements/trim",
				"tint": "electrum"
            },
            {
                "type": "shield_heater",
                "location": "tetra:items/module/shield/plate/heater/improvements/trim_bevel",
                "tint": "inherit"
            }
        ]
    },
    {
        "key": "shield/trim_steel",
        "group": "trim",
        "integrity": -1,
        "durabilityMultiplier": 1.5,
        "models": [
            {
                "type": "shield_heater",
                "location": "tetra:items/module/shield/plate/heater/improvements/trim",
				"tint": "steel"
            },
            {
                "type": "shield_heater",
                "location": "tetra:items/module/shield/plate/heater/improvements/trim_bevel",
                "tint": "inherit"
            }
        ]
    },
    {
        "key": "shield/trim_maple",
        "group": "trim",
        "integrity": -1,
        "durabilityMultiplier": 1.04,
        "models": [
            {
                "type": "shield_heater",
                "location": "tetra:items/module/shield/plate/heater/improvements/trim",
				"tint": "maple"
            },
            {
                "type": "shield_heater",
                "location": "tetra:items/module/shield/plate/heater/improvements/trim_bevel",
                "tint": "inherit"
            }
        ]
    },
    {
        "key": "shield/trim_cherry",
        "group": "trim",
        "integrity": -1,
        "durabilityMultiplier": 1.08,
        "models": [
            {
                "type": "shield_heater",
                "location": "tetra:items/module/shield/plate/heater/improvements/trim",
				"tint": "cherry"
            },
            {
                "type": "shield_heater",
                "location": "tetra:items/module/shield/plate/heater/improvements/trim_bevel",
                "tint": "inherit"
            }
        ]
    },
    {
        "key": "shield/trim_baobab",
        "group": "trim",
        "integrity": -1,
        "durabilityMultiplier": 1.1,
        "models": [
            {
                "type": "shield_heater",
                "location": "tetra:items/module/shield/plate/heater/improvements/trim_scrap",
				"tint": "baobab"
            },
            {
                "type": "shield_heater",
                "location": "tetra:items/module/shield/plate/heater/improvements/trim_scrap_bevel",
                "tint": "inherit"
            }
        ]
    }
]