[
	{
        "key": "shield/studs_scrap",
		"group": "studs",
        "integrity": -2,
        "durability": 64,
        "models": [
            {
                "type": "shield_tower",
                "location": "tetra:items/module/shield/plate/tower/improvements/studs",
				"tint": "vent"
            },
            {
                "type": "shield_tower",
                "location": "tetra:items/module/shield/plate/tower/improvements/studs_shadow",
                "tint": "inherit"
            }
        ]
    },
	{
        "key": "shield/studs_copper",
		"group": "studs",
        "integrity": -1,
        "durability": 35,
        "models": [
            {
                "type": "shield_tower",
                "location": "tetra:items/module/shield/plate/tower/improvements/studs",
				"tint": "copper"
            },
            {
                "type": "shield_tower",
                "location": "tetra:items/module/shield/plate/tower/improvements/studs_shadow",
                "tint": "inherit"
            }
        ]
    },
	{
        "key": "shield/studs_tin",
		"group": "studs",
        "integrity": -1,
        "durability": 12,
        "models": [
            {
                "type": "shield_tower",
                "location": "tetra:items/module/shield/plate/tower/improvements/studs",
				"tint": "tin"
            },
            {
                "type": "shield_tower",
                "location": "tetra:items/module/shield/plate/tower/improvements/studs_shadow",
                "tint": "inherit"
            }
        ]
    },
	{
        "key": "shield/studs_silver",
		"group": "studs",
        "integrity": -1,
        "durability": 18,
        "models": [
            {
                "type": "shield_tower",
                "location": "tetra:items/module/shield/plate/tower/improvements/studs",
				"tint": "silver"
            },
            {
                "type": "shield_tower",
                "location": "tetra:items/module/shield/plate/tower/improvements/studs_shadow",
                "tint": "inherit"
            }
        ]
    },
	{
        "key": "shield/studs_nickel",
		"group": "studs",
        "integrity": -2,
        "durability": 50,
        "models": [
            {
                "type": "shield_tower",
                "location": "tetra:items/module/shield/plate/tower/improvements/studs",
				"tint": "nickel"
            },
            {
                "type": "shield_tower",
                "location": "tetra:items/module/shield/plate/tower/improvements/studs_shadow",
                "tint": "inherit"
            }
        ]
    },
	{
        "key": "shield/studs_lead",
		"group": "studs",
        "integrity": -1,
        "durability": 10,
        "models": [
            {
                "type": "shield_tower",
                "location": "tetra:items/module/shield/plate/tower/improvements/studs",
				"tint": "lead"
            },
            {
                "type": "shield_tower",
                "location": "tetra:items/module/shield/plate/tower/improvements/studs_shadow",
                "tint": "inherit"
            }
        ]
    },
	{
        "key": "shield/studs_bronze",
		"group": "studs",
        "integrity": -3,
        "durability": 81,
        "models": [
            {
                "type": "shield_tower",
                "location": "tetra:items/module/shield/plate/tower/improvements/studs",
				"tint": "bronze"
            },
            {
                "type": "shield_tower",
                "location": "tetra:items/module/shield/plate/tower/improvements/studs_shadow",
                "tint": "inherit"
            }
        ]
    },
	{
        "key": "shield/studs_electrum",
		"group": "studs",
        "integrity": -2,
        "durability": 25,
        "models": [
            {
                "type": "shield_tower",
                "location": "tetra:items/module/shield/plate/tower/improvements/studs",
				"tint": "electrum"
            },
            {
                "type": "shield_tower",
                "location": "tetra:items/module/shield/plate/tower/improvements/studs_shadow",
                "tint": "inherit"
            }
        ]
    },
	{
        "key": "shield/studs_steel",
		"group": "studs",
        "integrity": -4,
        "durability": 111,
        "models": [
            {
                "type": "shield_tower",
                "location": "tetra:items/module/shield/plate/tower/improvements/studs",
				"tint": "steel"
            },
            {
                "type": "shield_tower",
                "location": "tetra:items/module/shield/plate/tower/improvements/studs_shadow",
                "tint": "inherit"
            }
        ]
    }
]