{
    "replace": false,
    "slots": ["shield/plate"],
    "materialSlotCount": 1,
    "displayType": "improvement",
    "glyph": {
        "textureX": 64,
        "textureY": 240
    },
    "outcomes": [
        {
            "material": {
                "item": "tetra:metal_scrap"
            },
            "requiredCapabilities": {
                "hammer": 3
            },
            "improvements": {
                "shield/studs_scrap": 0
            },
            "glyph": {
                "tint": "vent_glyph"
            }
        },
        {
            "material": {
                "tag": "forge:ingots/copper"
            },
            "requiredCapabilities": {
                "hammer": 3
            },
            "improvements": {
                "shield/studs_copper": 0
            },
            "glyph": {
                "tint": "copper_glyph"
            }
        },
        {
            "material": {
                "tag": "forge:ingots/tin"
            },
            "requiredCapabilities": {
                "hammer": 2
            },
            "improvements": {
                "shield/studs_tin": 0
            },
            "glyph": {
                "tint": "tin_glyph"
            }
        },
        {
            "material": {
                "tag": "forge:ingots/silver"
            },
            "requiredCapabilities": {
                "hammer": 2
            },
            "improvements": {
                "shield/studs_silver": 0
            },
            "glyph": {
                "tint": "silver_glyph"
            }
        },
        {
            "material": {
                "tag": "forge:ingots/nickel"
            },
            "requiredCapabilities": {
                "hammer": 3
            },
            "improvements": {
                "shield/studs_nickel": 0
            },
            "glyph": {
                "tint": "nickel_glyph"
            }
        },
        {
            "material": {
                "tag": "forge:ingots/lead"
            },
            "requiredCapabilities": {
                "hammer": 2
            },
            "improvements": {
                "shield/studs_lead": 0
            },
            "glyph": {
                "tint": "lead_glyph"
            }
        },
        {
            "material": {
                "tag": "forge:ingots/bronze"
            },
            "requiredCapabilities": {
                "hammer": 3
            },
            "improvements": {
                "shield/studs_bronze": 0
            },
            "glyph": {
                "tint": "bronze_glyph"
            }
        },
        {
            "material": {
                "tag": "forge:ingots/electrum"
            },
            "requiredCapabilities": {
                "hammer": 3
            },
            "improvements": {
                "shield/studs_electrum": 0
            },
            "glyph": {
                "tint": "electrum_glyph"
            }
        },
        {
            "material": {
                "tag": "forge:ingots/steel"
            },
            "requiredCapabilities": {
                "hammer": 4
            },
            "improvements": {
                "shield/studs_steel": 0
            },
            "glyph": {
                "tint": "steel_glyph"
            }
        }
    ]
}