[
	{
        "key": "shield/studs_scrap",
		"group": "studs",
        "integrity": -2,
        "durability": 59,
        "models": [
            {
                "type": "shield_buckler",
                "location": "tetra:items/module/shield/plate/buckler/improvements/studs",
				"tint": "vent"
            },
            {
                "type": "shield_buckler",
                "location": "tetra:items/module/shield/plate/buckler/improvements/studs_shadow",
                "tint": "inherit"
            }
        ]
    },
	{
        "key": "shield/studs_copper",
		"group": "studs",
        "integrity": -1,
        "durability": 30,
        "models": [
            {
                "type": "shield_buckler",
                "location": "tetra:items/module/shield/plate/buckler/improvements/studs",
				"tint": "copper"
            },
            {
                "type": "shield_buckler",
                "location": "tetra:items/module/shield/plate/buckler/improvements/studs_shadow",
                "tint": "inherit"
            }
        ]
    },
	{
        "key": "shield/studs_tin",
		"group": "studs",
        "integrity": -1,
        "durability": 7,
        "models": [
            {
                "type": "shield_buckler",
                "location": "tetra:items/module/shield/plate/buckler/improvements/studs",
				"tint": "tin"
            },
            {
                "type": "shield_buckler",
                "location": "tetra:items/module/shield/plate/buckler/improvements/studs_shadow",
                "tint": "inherit"
            }
        ]
    },
	{
        "key": "shield/studs_silver",
		"group": "studs",
        "integrity": -1,
        "durability": 13,
        "models": [
            {
                "type": "shield_buckler",
                "location": "tetra:items/module/shield/plate/buckler/improvements/studs",
				"tint": "silver"
            },
            {
                "type": "shield_buckler",
                "location": "tetra:items/module/shield/plate/buckler/improvements/studs_shadow",
                "tint": "inherit"
            }
        ]
    },
	{
        "key": "shield/studs_nickel",
		"group": "studs",
        "integrity": -2,
        "durability": 45,
        "models": [
            {
                "type": "shield_buckler",
                "location": "tetra:items/module/shield/plate/buckler/improvements/studs",
				"tint": "nickel"
            },
            {
                "type": "shield_buckler",
                "location": "tetra:items/module/shield/plate/buckler/improvements/studs_shadow",
                "tint": "inherit"
            }
        ]
    },
	{
        "key": "shield/studs_lead",
		"group": "studs",
        "integrity": -1,
        "durability": 5,
        "models": [
            {
                "type": "shield_buckler",
                "location": "tetra:items/module/shield/plate/buckler/improvements/studs",
				"tint": "lead"
            },
            {
                "type": "shield_buckler",
                "location": "tetra:items/module/shield/plate/buckler/improvements/studs_shadow",
                "tint": "inherit"
            }
        ]
    },
	{
        "key": "shield/studs_bronze",
		"group": "studs",
        "integrity": -3,
        "durability": 76,
        "models": [
            {
                "type": "shield_buckler",
                "location": "tetra:items/module/shield/plate/buckler/improvements/studs",
				"tint": "bronze"
            },
            {
                "type": "shield_buckler",
                "location": "tetra:items/module/shield/plate/buckler/improvements/studs_shadow",
                "tint": "inherit"
            }
        ]
    },
	{
        "key": "shield/studs_electrum",
		"group": "studs",
        "integrity": -2,
        "durability": 20,
        "models": [
            {
                "type": "shield_buckler",
                "location": "tetra:items/module/shield/plate/buckler/improvements/studs",
				"tint": "electrum"
            },
            {
                "type": "shield_buckler",
                "location": "tetra:items/module/shield/plate/buckler/improvements/studs_shadow",
                "tint": "inherit"
            }
        ]
    },
	{
        "key": "shield/studs_steel",
		"group": "studs",
        "integrity": -4,
        "durability": 106,
        "models": [
            {
                "type": "shield_buckler",
                "location": "tetra:items/module/shield/plate/buckler/improvements/studs",
				"tint": "steel"
            },
            {
                "type": "shield_buckler",
                "location": "tetra:items/module/shield/plate/buckler/improvements/studs_shadow",
                "tint": "inherit"
            }
        ]
    }
]